{"stats":{"minecraft:picked_up":{"minecraft:crafting_table":1,"minecraft:feather":1,"minecraft:chicken":2,"minecraft:spruce_sapling":3,"minecraft:spruce_log":9,"minecraft:dirt":1},"minecraft:custom":{"minecraft:time_since_rest":13442,"minecraft:crouch_one_cm":284,"minecraft:play_time":13442,"minecraft:sprint_one_cm":15464,"minecraft:damage_taken":120,"minecraft:walk_one_cm":35382,"minecraft:sneak_time":53,"minecraft:walk_under_water_one_cm":166,"minecraft:mob_kills":2,"minecraft:jump":285,"minecraft:damage_dealt":80,"minecraft:leave_game":1,"minecraft:time_since_death":13442,"minecraft:walk_on_water_one_cm":118,"minecraft:total_world_time":13442,"minecraft:swim_one_cm":2070,"minecraft:interact_with_crafting_table":1,"minecraft:fall_one_cm":9027,"minecraft:fly_one_cm":52443},"minecraft:crafted":{"minecraft:crafting_table":1,"minecraft:spruce_planks":12,"minecraft:stick":4,"minecraft:wooden_axe":1},"minecraft:used":{"minecraft:wooden_axe":15,"minecraft:dirt":1,"minecraft:crafting_table":1},"minecraft:killed":{"minecraft:chicken":2},"minecraft:mined":{"minecraft:grass":3,"minecraft:grass_block":1,"biomesoplenty:sprout":2,"minecraft:spruce_log":9,"minecraft:crafting_table":1}},"DataVersion":2975}