{"stats":{"minecraft:crafted":{"minecraft:crafting_table":1,"minecraft:oak_planks":12,"minecraft:stick":4,"minecraft:wooden_axe":1},"minecraft:mined":{"minecraft:oak_log":11,"minecraft:crafting_table":1},"minecraft:picked_up":{"minecraft:crafting_table":1,"minecraft:stick":8,"minecraft:oak_log":12,"minecraft:apple":2,"minecraft:oak_sapling":10},"minecraft:custom":{"minecraft:jump":24,"minecraft:time_since_rest":5066,"minecraft:leave_game":1,"minecraft:sprint_one_cm":2445,"minecraft:play_time":5066,"minecraft:time_since_death":5066,"minecraft:walk_one_cm":8825,"minecraft:total_world_time":5066,"minecraft:interact_with_crafting_table":1,"minecraft:fly_one_cm":3566},"minecraft:used":{"minecraft:wooden_axe":10,"minecraft:crafting_table":1}},"DataVersion":2975}